<beans xmlns="http://www.springframework.org/schema/beans" 
xmlns:xsi="http://www.w3.org/2001/XMLSchema-instance" 
xsi:schemaLocation="http://www.springframework.org/schema/beans
http://www.springframework.org/schema/beans/spring-beans-4.0.xsd">


<bean class="com.spring.app.Customer" id="custObj">
    <constructor-arg></constructor-arg>
    <constructor-arg></constructor-arg>
    <constructor-arg></constructor-arg>
    <constructor-arg></constructor-arg>
</bean>

<bean class="com.spring.app.MemberShip" id="memberObj">
    <constructor-arg></constructor-arg>
    <constructor-arg></constructor-arg>
    <constructor-arg></constructor-arg>
    <constructor-arg ref="custObj"></constructor-arg>
</bean>

</beans>