<?xml version="1.0" encoding="UTF-8"?>
<beans xmlns="http://www.springframework.org/schema/beans"
	xmlns:xsi="http://www.w3.org/2001/XMLSchema-instance"
	xsi:schemaLocation="http://www.springframework.org/schema/beans
   http://www.springframework.org/schema/beans/spring-beans-3.0.xsd">

	<bean class="com.cts.engineAnalysis.Engine" name="engine"
		abstract="true" />

	<bean class="com.cts.engineAnalysis.PetrolEngine"
		id="petrolEngine">
		<property name="torque" value="300" />
		<property name="rpm" value="4000" />
		<property name="fuel" value="petrol" />
	</bean>

	<bean class="com.cts.engineAnalysis.DieselEngine"
		id="dieselEngine">
		<property name="torque" value="500" />
		<property name="rpm" value="3000" />
		<property name="fuel" value="diesel" />
	</bean>
	
	<bean class="com.cts.engineAnalysis.Car" id="petrolCar">
		<constructor-arg value="Honda" />
		<constructor-arg ref="petrolEngine" />
	</bean>
	
	<bean class="com.cts.engineAnalysis.Car" id="dieselCar">
		<constructor-arg value="Suzuki" />
		<constructor-arg ref="dieselEngine" />
	</bean>
</beans>