<?xml version="1.0" encoding="UTF-8"?>
<beans xmlns="http://www.springframework.org/schema/beans"
	xmlns:xsi="http://www.w3.org/2001/XMLSchema-instance"
	xmlns:context="http://www.springframework.org/schema/context"
	xsi:schemaLocation="http://www.springframework.org/schema/beans http://www.springframework.org/schema/beans/spring-beans.xsd
		http://www.springframework.org/schema/context http://www.springframework.org/schema/context/spring-context-4.3.xsd">

	<bean class="com.cts.eezee.model.Booking" name="booking">
	</bean>

	<bean class="com.cts.eezee.service.TransportService"
		name="transportService">
		<property name="vehicle">
			<bean class="com.cts.eezee.model.Vehicle" name="vehicle">
				<constructor-arg>
					<value>Chennai</value>
				</constructor-arg>
				<property name="destinationMap">
					<map>
						<entry key="Bangalore" value="1500" />
						<entry key="Delhi" value="2500" />
						<entry key="Mumbai" value="2000" />
						<entry key="Hyderabad" value="1000" />
						<entry key="Pune" value="2500" />
					</map>
				</property>
			</bean>
		</property>
	</bean>


</beans>
